"mobile","Mobile"
"desktop","Desktop"
"drag_me","Drag Me"
"parameterPost","POST Parameters"
"parameterGet","GET Parameters"
"cookies","Cookies"
"serverVars","Server Variables"
"group_by_path","Group by path"
"flush","Flush"
"errors_from_the_last_14_days","Errors from the last 14 days"
"http_errors","HTTP Errors"
"create_redirect_for_moved_renamed_page","Create automatically a redirect when a page is moved or renamed"
"show_close_warning","Show close warning"
"attributes","Attribute"
"matching_text","Matching Text"
"tag_saved_successfully","Tag erfolgreich gespeichert"
"thumbnail_saved_successfully","Miniaturansicht erfolgreich gespeichert"
"any","Any"
"http_method","HTTP Methode"
"url_pattern","URL Muster(Reg. Ausdruck  z.B. @erfolg@i)"
"beginning","Anfang"
"element_css_selector","Element (CSS Selector)"
"insert_position","Position einfügen"
"code","Code"
"tags","Tags"
"problem_creating_new_tag","Während der Erstellung eines neuen Tags ist ein Problem aufgetreten."
"enter_the_name_of_the_new_tag","Bitte den Namen des neuen Tags eintragen"
"add_tag","Tag hinzufügen"
"tag_snippet_management","Tag & Snippet Management"
"import_class_definition","Klassendefinition importieren"
"show_in_tree","Baumstruktur anzeigen"
"Click here to proceed","Klicke hier um fortzufahren"
"Your browser is not supported. Please install the latest version of one of the following browsers.","Dein Browser wird nicht unterstützt. Bitte lade dir die aktuellste Version von einem der aufgeführten Browser herunter."
"open_in_new_window","In neuem Fenster öffnen"
"limit_reached","Limit erreicht"
"robots_txt_exists_on_filesystem","Die Datei robots.txt existiert bereits im Dokument-Root-Ordner des Dateisystems"
"images_with_alt","Bilder mit Alt-Text"
"images_without_alt","Bilder ohne Alt-Text"
"external_links","Externe Links"
"links","Links"
"only_required_for_reporting_in_pimcore_but_not_for_code_integration","The following is only required if you want to use the reporting functionalities in pimcore, but this is not required for the code integration. "
"analytics_additional_code","Additional tracking parameters, eg. _gaq.push(['_setDomainName', 'example.com']);"
"casesensitive","case-sensitive"
"path_aliases","Path Aliases"
"path_error_message","A path must start with / and should only contain the following characters: a-zA-Z0-9-_./"
"pretty_url","Pretty URL"
"pretty_url_label","Pretty URL (overrides path from tree-structure)"
"search_engine_optimization","Search Engine Optimization"
"save_success","Speichern erfolgreich"
"save_error","Datei konnte nicht gespeichert werden"
"password_cannot_be_changed","Passwort kann nicht geändert werden"
"old_password","Altes Passwort"
"new_password","Neues Passwort"
"retype_password","Passwort erneut eingeben"
"document_seo_analysis_overview","Übersicht Dokumenten Suchmaschinenoptimierungs Analyse"
"clear_temp_files","Temporäre Dateien entfernen"
"reports","Reporte"
"routes","Routen"
"all_roles","Alle Rollen"
"add_role","Rolle hinzufügen"
"role_creation_error","Rolle konnte nicht angelegt werden"
"role_save_success","Rolle erfolgreich gespeichert"
"role_save_error","Rolle konnte nicht gespeichert werden"
"roles","Rollen"
"workspaces","Arbeitsbereich/Workspace"
"Username","Benutzername"
"Password","Kennwort"
"Forgot your password","Kennwort vergessen"
"Back to Login","Zurück zum Login"
"Enter your username and pimcore will send a login link to your email address","Geben Sie Ihren Benutzernamen ein und pimcore sendet Ihnen einen Link zum Login per E-Mail"
"Please check your mailbox.","Bitte prüfen Sie Ihren Posteingang"
"Login","Login"
"Submit","Absenden"
"A temporary login link has been sent to your email address.","Ein temporärer Login-Link wurde an Ihre E-Mail-Adresse gesendet"
"system_performance_stability_warning","Please do not perform this action unless your are not sure what you are doing.<br /><b style='color:red'>This action can have a major impact onto the stability and performance of the entire system, and may causes an overload or complete crash of the server!</b><br /><br />Are you sure?"
"use_current_player_position_as_preview","Use current player position as preview"
"select_image_preview","Wähle Bildvorschau"
"preview_not_available","Vorschau nicht vorhanden"
"status","Status"
"video_preview_in_progress","Die Vorschau für dieses Video wird gerade erstellt."
"video_bitrate","Video Bitrate (kB/s)"
"audio_bitrate","Audio Bitrate (kB/s)"
"php_cli_binary_and_or_ffmpeg_binary_setting_is_missing","PHP-CLI binary or FFMPEG is not available, please ensure that both are installed/executable and configured in the system settings!"
"video_thumbnails","Video Miniaturansichten"
"absolute_path_to_qtfaststart","Absoluter Pfad zu qtfaststart"
"absolute_path_to_ffmpeg_binary","Absoluter Pfad zur FFMPEG binary"
"absolute_path_to_php_cli_binary","Absoluter Pfad zur PHP Kommandozeile binary"
"module_optional","Modul (optional)"
"do_you_really_want_to_close_pimcore","Sind Sie sicher, dass Sie Pimcore schließen möchten?"
"valid_languages_frontend_description","Diese Einstellung dient dazu, um die Sprachen zu definieren, die dem Editor oder generell innerhalb dieser Instanz zur Verfügung stehen sollen. Dies wird z.B. für die Dokumentsprachen (Eigenschaften Tab) oder auch für die lokalisierten Felder in Objekten verwendet. "
"maximum_items","max. Einträge"
"drop_element_here","Lege das Element hier ab"
"select_specific_area_of_image","Einen Bereich im Bild wählen"
"insert_video_url_here","Füge hier die Video-URL  ein"
"error_pasting_asset","Leider konnte das Asset hier nicht eingefügt werden"
"error_pasting_document","Das Dokument konnte nicht an diese Stelle eingefügt werden."
"paste_recursive_updating_references","Rekursiv einfügen und Referenzen aktualisieren"
"collapsed","eingeklappt"
"add_hardlink","Hardlink hinzufügen"
"source_path","Quellpfad"
"properties_from_source","Verwende Eigenschaften des Quelldokuments"
"inherited_properties_from_source","Vererbe Eigenschaften des Quelldokuments"
"childs_from_source","Verwende Kindelemente des Quelldokuments"
"hardlink_properties","Hardlink EInstellungen"
"click_right_for_more_options","Rechtsklick für mehr Optionen"
"clear_only_output_cache","Nur den Ausgabecache leeren"
"move_to_tab","Als Tab hinzufügen"
"not_supported","Nicht unterstützt"
"show_random_pictures_on_login_screen","Zeige zufällige Bilder im Login-Bereich"
"url_to_custom_image_on_login_screen","URL zu einem eigenen Bild für den Login-Bereich"
"system_infos_and_tools","System Infos & Tools"
"edit_link","Link bearbeiten"
"view_suffix","Nachsilbe"
"sepia","Sepia"
"grayscale","Graustufen"
"nothing_to_configure","Nichts zu konfigurieren"
"enter_the_name_of_the_new_thumbnail","Gib einen Namen für die neue Miniaturansicht an"
"problem_creating_new_thumbnail","Miniaturansicht konnte nicht erstellt werden, bitte prüfe den Namen (erlaubte Zeichen sind a-z A-Z 0-9 - _)"
"preview_url","Vorschau URL"
"opacity","Durchsichtigkeit"
"applymask","Maskieren"
"addoverlay","Overlay hinzufügen"
"important_use_imagick_pecl_extensions_for_best_results_gd_is_just_a_fallback_with_less_quality","Wichtig: Bitte nutzen Sie die Imagick PECL Erweiterung um gute Ergebnisse zu erreichen, GDlib ist nur ein Fallback mit wendiger Funktionalität und schlechterer Qualität!"
"add_thumbnail","Thumbnail hinzufügen"
"transformations","Transformationen"
"frame","Frame"
"setbackgroundcolor","Hintergrundfarbe setzen"
"setbackgroundimage","Hintergrundbild setzen"
"roundcorners","Ecken abrunden"
"resize","Resize"
"scalebyheight","Skaliere der Höhe nach"
"scalebywidth","Skaliere der Breite nach"
"crop","Zuschneiden"
"rotate","Drehen"
"color","Farbe"
"positioning","Positionierung"
"angle","Winkel"
"label_width","Label Breite"
"label_first_cell","Überschrift erste Zelle"
"cleanup","Bereinigung"
"this_element_cannot_be_edited","Dieses Element kann nicht editiert werden"
"cache_disable_cookies","Ausschlusscookie (kommagetrennt)"
"click_here_to_proceed","Hier klicken zum fortfahren"
"extensionmanager_upload_finished","Deine Erweiterung wurde erfolgreich an das Extension Repository übermittelt. Bitte klicke auf den folgenden Link, um den Upload abzuschließen."
"path_to_lessc_optional","Pfad zu lessc (optional)"
"details","Details"
"only_for_ip","Nur für IP (Optional)"
"extension_is_up_to_date","Diese Erweiterung ist auf dem neuesten Stand"
"update_information","Update Information"
"files","Dateien"
"share_extension_upload_summary","Folgende Dateien werden an den Extension Hub an pimcore.org übertragen"
"number_of_files","Anzahl der Dateien"
"share_extension_description","Sie müssen Reguläre Ausdrücke benutzen - ein Ausdruck pro Reihe"
"next","Nächste"
"exclude_files","Exklude-Dateien"
"collecting_download_information","Sammle Download Informationen"
"share","Teilen"
"push_update","Aktualisierung erzwingen"
"collecting_update_information","Aktualisierungsdaten werden gesammelt. Bitte warten..."
"extensions_upload_agree_text","Nach dem Teilen dieser Extension wird sie nicht sofort automatisch öffentlich zugänglich für jeden. Zuerst erscheint die Möglichkeit einige Details, Berechtigungen und Abhängigkeiten für das Plugin / die Extension anzugeben. Danach entscheidet der Entwickler, ob es öffentlich werden soll oder nicht."
"extension_upload_proceed","Ich habe obige Anweisung gelesen. Mit Upload fortfahren."
"please_dont_forget_to_reload_pimcore_after_modifications","Bitte vergessen Sie nicht pimcore nach Ihren Modifikationen neu zu laden"
"enable","Einschalten"
"disable","Abschalten"
"configure","Konfigurieren"
"download_extension","Erweiterungen herunterladen"
"manage_extensions","Erweiterungen verwalten"
"share_extension","Erweiterungen teilen"
"beginning_with_ending_with_optional_slash","Beginnen mit, ... und mit einem optionalen Schrägstrich endend"
"beginning_with","Beginnend mit"
"matching_exact","Genaue Übereinstimmung"
"add_expert_mode","Hinzufügen (Experten Modus)"
"add_beginner_mode","Hinzufügen (Anfänger)"
"cannot_save_object_please_try_to_edit_the_object_in_detail_view","Das Objekt kann nicht gespeichert werden! Bitte bearbeiten Sie das Objekt im Detail."
"size","Größe"
"select_a_file","Wähle eine Datei"
"upload_compatibility_mode","Eine Datei hochladen (Kompatibilitätsmodus)"
"lowest","niedrigste"
"highest","höchste"
"override_all","überschreibe alle"
"the_system_is_in_maintenance_mode_please_wait","Das System ist im Wartungsmodus, bitte warten."
"activate","Aktivieren"
"maintenance_mode","Wartungsmodus"
"translate_content_to","Übersetze Inhalt nach"
"translate_api_key","Translate API Schlüssel"
"image_is_too_small","Bild ist zu klein, bitte wähle ein Größeres."
"new_version_available","Neue Version verfügbar"
"countrymultiselect","Länder (Mehrfachauswahl)"
"languagemultiselect","Sprachen (Mehrfachauswahl)"
"countrymultiselect_settings","Länder Einstellungen"
"languagemultiselect_settings","Spracheinstellungen"
"allow_capitals_for_documents","Erlaube Großbuchstaben in URL"
"exif_data","EXIF Daten"
"dimensions","Abmessungen"
"image_details","Grafikdetails"
"yes","Ja"
"no","Nein"
"allow_trailing_slash_for_documents","Erlaube abschließenden Slash bei Dokumenten im Browser"
"none","Keine"
"name_is_not_allowed","Name ist nicht erlaubt"
"system_properties","System Eigenschaften"
"localizedfields","Lokalisierte Felder"
"localizedfields_settings","Einstellungen für lokalisierte Felder"
"import_from_server","Von Server importieren"
"upload_files","Dateien hochladen"
"upload_zip","ZIP-Archiv hochladen"
"new_folder","Neuen Ordner"
"please_enter_the_name_of_the_new_folder","Bitte geben Sie den Namen des neuen Ordners ein"
"please_enter_the_name_of_the_new_file","Bitte geben Sie den Namen der neuen Datei an"
"new_file","Neue Datei"
"document_root","Wurzelverzeichnis"
"server_fileexplorer","Server Datei-Explorer"
"proxy_host","Proxy Host"
"proxy_port","Proxy Port"
"proxy_user","Proxy Benutzer"
"proxy_pass","Proxy Passwort"
"proxy_settings","Proxy Einstellungen"
"select_connectivity_type","Wähle Verbindungstyp"
"proxy","Proxy"
"direct_socket","Direkt (Socket)"
"http_connectivity_direct_proxy","HTTP Verbindung (direct, proxy, ...)"
"parent_element","Elternelement"
"import_fieldcollection_definition","Feld-Kollektions Definition importieren"
"fieldcollections_settings","Einstellungen (Feld-Kollektion)"
"batch_change_selected","Stapelzuweisung für ausgewählte Elemente"
"gridview","Tabellarische Ansicht"
"modificationDate","Modifikationsdatum"
"creationDate","Erstellungsdatum"
"visibility_of_system_properties","Sichtbarkeit der Systemfelder"
"translate","übersetzen"
"translations_admin_hint","Hinweis: Bitte klicken Sie auf aktualisieren in Ihrem Browser!"
"download_as_zip","Als ZIP herunterladen"
"locked","Gesperrt"
"element_cannot_be_move_because_it_is_locked","Das Element kann nicht verschoben werden, da es gesperrt ist."
"element_cannot_be_moved","Das Element kann nicht hierher verschoben werden"
"lock","Sperren"
"unlock","Entsperren"
"lock_and_propagate_to_childs","Sperren inkl. Kindelemente"
"no_collections_allowed","Keine Verbindungen erlaubt"
"allowed_types","Zulässige Typen"
"columnlength","Spaltenlänge"
"this_is_a_newer_not_published_version","Dies ist eine unveröffentliche neuere Version"
"direct_sql_query","Direkte SQL Abfrage"
"filter_condition","Filterbedingungen"
"creationdate","Datum der Erstellung"
"modificationdate","Datum der letzten Änderung"
"all_types","Alle Typen"
"audio","Audio"
"video","Video"
"archive","Archiv"
"unknown","Unbekannt"
"class","Klasse"
"page","Seite"
"snippet","Schnipsel"
"folder","Ordner"
"your_selection","Deine Auswahl"
"double_click_to_add_item_to_selection","Klicken Sie doppelt auf ein Element auf der linken Seite, um es hier hinzuzufügen"
"visible_in_searchresult","Sichtbar im Suchergebnis"
"visible_in_gridview","Sichtbar in der Gitteransicht"
"fieldcollections","Feldsammlungen"
"fieldcollection_saved_successfully","Feldsammlung erfolgreich gespeichert"
"problem_creating_new_fieldcollection","Beim Erstellen der Feldsammlung ist ein Fehler aufgetreten"
"enter_the_name_of_the_new_fieldcollection","Name der neuen Feldsammlung"
"add_fieldcollection","Feldsammlung hinzufügen"
"field_collections","Feldsammlungen"
"block","Block"
"update_flash","Flash Plugin nicht mehr akuell. Bitte Aktualisieren!"
"tooltip","Tooltip"
"label","Label"
"objectsid","Objekte (ID's)"
"decimalPrecision","Dezimalstellen"
"css_style","CSS Stil"
"error_auth_failed","Anmeldung fehlgeschlagen! Bitte versuchen Sie es erneut."
"error_user_inactive","Dieser Benutzer wurde deaktiviert"
"error_session_expired","Sitzung abgelaufen! Bitte loggen Sie sich erneut ein."
"settings_save_success","Einstellungen erfolgreich gespeichert"
"variation_page","Seitenvariante"
"add_variation_page","neue Seitenvariante erstellen"
"navigation_summary","Zusammenfassung Navigation"
"prev_pages","vorherige Seiten"
"next_pages","nächste Seiten"
"site","Seite"
"descending","absteigend"
"ascending","aufsteigend"
"sort","sortieren"
"results","Ergebnis"
"dimension","Maß"
"metric","Metrisch"
"data_explorer","Datei Explorer"
"navigation","Navigation"
"bounces","Rückläufer"
"entrances","Eingänge"
"exits","Ausgänge"
"uniquePageviews","eindeutige Seitenaufrufe"
"debug_mode_on","DEBUGMODUS"
"restore","Wiederherstellen"
"amount","Anzahl"
"flush_recyclebin","Papierkorb leeren"
"recyclebin","Papierkorb"
"deletedby","Gelöscht von"
"add_setting","Einstellung hinzufügen"
"website_settings","Website Einstellungen"
"reverse","Rückwärts"
"geopolygon","Geografisches Polygon"
"open_select_editor","Öffne Selektions-Editor"
"geobounds","Geografischer Bereich"
"ignore","ignorieren"
"sure_to_install_unstable_update","Sind die sicher dass Sie eine eventuell nicht funktionsfähige Version installieren wollen?"
"there_was_a_problem_creating_a_folder","Konnte den gewünschen Ordner nicht erstellen"
"empty_page","Leere Seite"
"empty_snippet","Leeres Schnipsel"
"empty_email","Leere Email"
"email_log_property","Eigenschaftsschlüssel"
"email_log_data","Daten"
"email_log_resend","Email versenden"
"email_log_resend_window_title","Email erneut versenden"
"email_log_resend_window_msg","Bitte bestätige, dass du die E-Mail wiederholt an alle Empfänger versenden möchtest"
"analytics_advanced_mode","Erweiterter Modus"
"select_site","Wählen Sie eine Site"
"main_site","Hauptauftritt"
"filename","Dateiname"
"data_mapping","Datenmapping"
"unsupported_filetype","Nicht unterstützes Dateiformat"
"class_saved_successfully","Klasse wurde erfolgreich gespeichert"
"class_save_error","Klasse kann nicht gespeichert werden"
"show_root_node","Zeige Wurzelverzeichnis"
"root_folder","Wurzelverzeichnis"
"email_log_resend_window_success_message","Die E-Mmail wurde erfolgreich an alle Empfänger versendet"
"email_log_resend_window_error_message","Ein Fehler ist aufgetreten. Die Email konnte nicht versendet werden"
"condition","Bedingung"
"custom_views","Eigene Ansichten"
"error_jobs","Folgende Jobs schlugen fehl"
"batch_change","Batch Zuweisung"
"batch_edit_field","Batch Zuweisung des Feldes"
"published","Veröffentlicht"
"all","alle"
"items_per_page","Elemente pro Seite"
"analytics_accountid","Account-ID (z.B. 1234567)"
"reload_pimcore_changes","Pimcore muss nun neu geladen werden, damit die Änderungen wirksam werden, wollen Sie das jetzt tun?"
"info","Info"
"ab_test_was_created_successfully","Ihr A/B Test wurde erfolgreich angelegt."
"ab_test_error","Ihr A/B Test konnte leider nicht erstellt werden."
"add_your_test_pages","Füge hier die gewünschten Seiten hinzu, die am Experiment teilnemen sollten"
"create_ab_description","Erstellen Sie hier einen neuen A/B Test mithilfe von Google Analytics und Google Website Optimizer"
"experiment_name","Name des Experiments"
"conversion_page","Conversion (Ziel-)Seite"
"test_page","Testseite"
"URL","URL"
"select_version","Wähle eine Version"
"or","oder"
"link_settings","Link-Einstellungen"
"error_pasting_object","Fehler beim Einfügen des Objekts"
"paste_contents","Hier nur Inhalte einfügen"
"paste_as_child","Einfügen als Kindelement"
"paste_recursive_as_childs","Einfügen als Kindelement (rekursiv)"
"view_original","Original öffnen"
"feed","Feed"
"no_objects_found","Keine Objekte gefunden"
"no_assets_found","Keine Assets gefunden"
"no_documents_found","Keine Dokumente gefunden"
"public_url","Öffentliche URL"
"create_ab_test","Erstelle A/B Test"
"google_websiteoptimizer","Google Website Optimizer"
"pageviews","Seitenaufrufe"
"unique_pageviews","Eindeutige Seitenaufrufe"
"visits","Besucher"
"pagespervisit","Seiten / Besuch"
"average_timeonsite","Durchschn. Besuchszeit"
"bouncerate","Absprungrate"
"link_sources","Link-Quellen"
"google_crawling_issues","Google Crawler Ergebnisse (Klicke auf Zeile für Details)"
"detail","Detail"
"crawling_issues","Crawler Ereignisse"
"internal_keywords","Interne Keywords"
"external_keywords","Externe Keywords"
"webastertools_settings_username_description","Hier kannst du einen extra Google Account für die Webmastertools definieren, wird dieser frei gelassen wird der Google-Account aus den System-Settings verwendet."
"google_webmastertools","Google Webmastertools"
"verification_filename_text","Verificationfilename<br /><small>required for verification</small>"
"analytics_notice","Bitte lies zuerst die Dokumentation über die Google Analytics Integration, für den Erweiterten Modus sind zuätzliche Konfigurationen in Google Analytics notwendig."
"outputcache_lifetime_description","Optionale output-cache Lifetime (in Sekunden), nach der die Elemente im Speicher ablaufen. Wenn nicht definiert wird der Cache nach jeder Aktion innerhalb des CMS gelöscht, sonst nicht (für häufig genutze Seiten)"
"cache_exclude_patterns_description","Reguläre Ausdrücke wie z.B. /^\/dir\/toexplude/ , eine Regel pro Zeile"
"google_account_description","Der Google Account wird z.B. für die YouTube und die Analytics Integration verwendet"
"analytics_trackid_code","Tracking-ID (z.B. UA-XXXXX-X)"
"analytics_settings_profile_description","Um das gewünschte Profil auswählen zu können müssen in den System-Einstellungen (Google-Account) oder in unten stehenden Feldern die Benutzerdaten für das gewünschte Konto eingegeben werden."
"analytics_settings_username_description","Hier kannst du einen extra Google Account für Analytics definieren, wird dieser frei gelassen wird der Google-Account aus den System-Settings verwendet."
"report_settings","Report Einstellungen"
"overview","Übersicht"
"visitor_overview","Besucher Übersicht"
"other","Sonstige"
"google_analytics","Google Analytics"
"select_a_report","Wählen Sie einen Report"
"reports_and_marketing","Reports & Marketing"
"multiselect","Mehrfachauswahl"
"multiselect_settings","Einstellungen Mehrfachauswahl"
"handler","Funktion"
"invisible","Unsichtbar"
"only_configured_languages","Nur im System eingestellte Sprachen anzeigen"
"language_settings","Einstellungen Sprache"
"forms","Formulare"
"add_form_component","Formularkomponente hinzufügen"
"save_only_scheduled_tasks","Nur Zeitplan speichern"
"minify_javascript_algorithm","Javascript Minimieralgorithmus"
"modified_assets","Geänderte Assets"
"modification_statistic","Änderungen in den letzen 31 Tagen"
"minify_javascript","Javascript minimieren"
"minify_css","CSS minimieren"
"content","Inhalt"
"slider_settings","Slider Einstellungen"
"add_portlet","Portlet hinzufügen"
"system_statistics","Systemstatistiken"
"modified_documents","Geänderte Dokumente"
"modified_objects","Geänderte Objekte"
"welcome","Willkommen"
"save_and_publish","Speichern und Veröffentlichen"
"delete","Löschen"
"save","Speichern"
"your_asset_has_been_saved_successfully","Dein Asset wurde erfolgreich gespeichert!"
"add_assets","Asset(s) hinzufügen"
"preview","Vorschau"
"edit_image","Bild bearbeiten"
"simple","Einfach"
"advanced","Fortgeschritten"
"basic","Basis"
"permissions","Berechtigungen"
"assets_permissions","Assets Berechtigungen"
"documents_permissions","Dokumente Berechtigungen"
"objects_permissions","Objekte Berechtigungen"
"username","Benutzername"
"list","Auflistung"
"view","Betrachten"
"publish","Veröffentlichen"
"rename","Umbenennen"
"create_childs","Erstellen von Kindelementen"
"settings","Einstellungen"
"properties","Eigenschaften"
"versions","Versionen"
"add","Hinzufügen"
"date","Datum"
"user","Benutzer"
"note","Anmerkung"
"available_versions","Verfügbare Versionen"
"controller_and_view_settings","Controller- und View-Einstellungen"
"email_from","von"
"email_subject","Betreff"
"email_to","an"
"email_cc","in Kopie"
"email_bcc","in Blindkopie"
"email_receive_empty_text,Liste der empfänger"","null"
"email_settings,Email Settings"","null"
"email_settings_receiver_description","Multiple recipients can be specified by separating the email addresses with a semicolon. <br/>Example: receiver@pimcore.org; receiver2@pimcore.org"
"email_logs","E-Mails senden"
"email_log_from","von"
"email_log_to","an"
"email_log_cc","in Kopie"
"email_log_bcc","in Blindkopie"
"email_log_sent_Date","Datum gesendet"
"email_log_subject","Betreff"
"email_log_show_html_email","Zeige HTML-E-Mail"
"email_log_show_text_email","Zeige Text-E-Mail"
"email_log_iframe_title_html","HTML-Version der E-Mail"
"email_log_iframe_title_text","Textversion der E-Mail"
"email_log_show_text_params","Dynamische Parameter zeigen"
"email_log_iframe_title_params","Dynamische Parameter"
"email_log_html","HTML"
"email_log_text","Text"
"email_log_params","Dynamische Parameter"
"predefined_document_type","Vordefinierte Dokumenttypen"
"controller","Controller"
"module","Modul"
"action","Aktion"
"template","Vorlage"
"path_and_key_settings","Pfad- und Schlüssel-Einstellungen"
"path","Pfad"
"key","Schlüssel"
"id","ID"
"name_and_meta_data","Name & Metainformationen"
"name","Name"
"title","Titel"
"description","Beschreibung"
"keywords","Stichwörter"
"your_document_has_been_saved","Dein Dokument wurde erfolgreich gespeichert!"
"unpublish","Parken"
"internal_link","Interner Link"
"link_properties","Link Eigenschaften"
"target","Ziel"
"type","Typ"
"external_link","Externer Link"
"add_folder","Ordner hinzufügen"
"edit_filename","Umbenennen"
"please_enter_the_name_of_the_folder","Bitte gib den Namen des Ordners ein"
"upload_your_files_press_shift_to_select_multiple_files","Lade deine Dateien hoch, drücke Shift um mehrere Dateien auszuwählen"
"please_enter_the_new_name","Bitte gib den neuen Namen ein:"
"the_filename_is_already_in_use","Der gewünschte Dateiname existiert bereits, bitte verwende einen anderen"
"add_page","Seite erstellen"
"add_snippet","Schnipsel einfügen"
"add_email","E-Mail hinzufügen"
"add_link","Link hinzufügen"
"copy","Kopieren"
"paste","Einfügen"
"edit_key","Schlüssel editieren"
"use_this_as_document_root_for_new_site","Benutze dies als Wurzelverzeichnis für eine neue Site"
"please_enter_the_domains_for_the_new_site","Bitte gib hier die Domain(s) [kommagetrennt] für die neue Site ein"
"edit_site_domains","Domains bearbeiten"
"please_enter_the_domains_for_the_site","Bitte gib hier die Domain(s) [kommagetrennt] für die Site ein"
"please_enter_the_new_key","Bitte gib den neuen Schlüssel ein"
"the_key_is_already_in_use_in_this_level_please_choose_an_other_key","Der gewünschte Schlüssel existiert bereits, bitte gib einen anderen ein"
"close_all_tabs","Schließe alle Tabs"
"search","Suchen"
"import","Import"
"export","Export"
"clear_cache","Zwischenspeicher löschen"
"extensions","Erweiterungen"
"backup","Datensicherung"
"glossary","Glossar"
"document_types","Dokumenttypen"
"predefined_properties","Vordefinierte Eigenschaften"
"users","Benutzer"
"profile","Benutzerprofil"
"system","System"
"update","Update"
"documentation","Dokumentation"
"report_bugs","Fehler melden"
"about","Über"
"file","Datei"
"extras","Extras"
"help","Hilfe"
"configuration","Konfiguration"
"content_type","Inhalts-Typ"
"value","Wert"
"new_property","Neue Eigenschaft"
"add_a_predefined_property_set","Erstelle ein neues vordefiniertes Eigenschafts-Set"
"select_a_property","Wähle eine Eigenschaft"
"add_a_custom_property","Erstelle eine neue Eigenschaft"
"all_users","Alle Benutzer"
"general","Allgemein"
"admin","Administrator"
"password","Passwort"
"language","Sprache"
"please_enter_the_name","Bitte Namen eingeben:"
"new_document_type","Neuer Dokumenttyp"
"system_settings","Systemeigenschaften"
"timezone","Zeitzone"
"mysql_database","MySQL Datenbank"
"host","Host"
"database_name","Datenbankname"
"database_port","Datenbankport"
"chmod_folder","CHMOD Ordner"
"chmod_files","CHMOD Dateien"
"hostname_for_webdav","Hostname für WebDAV"
"api_key","API Schlüssel"
"secret","Geheim"
"client_id","Client-ID"
"image_thumbnails","Bilder-Icons"
"thumbnails","Miniaturansichten"
"quality","Qualität"
"interlace","Interlace"
"aspect_ratio","Seitenverhältnis beibehalten"
"format","Format"
"trees","Baumknoten"
"documents","Dokumente"
"assets","Assets"
"upload","Hochladen"
"width","Breite"
"height","Höhe"
"empty","Leer"
"workflow","Arbeitsschritt"
"modify","Modifizieren"
"create","Erstellen"
"edit","Bearbeiten"
"logout","Ausloggen"
"cache","Zwischenspeicher"
"temporary_files","Temporäre Dateien  "
"clear_temporary_files","Temporäre Dateien löschen"
"store_version_history_in_days","Versionshistorie für X Tage speichern"
"store_version_history_in_steps","Versionshistorie für X Stufen speichern"
"refresh","Neu laden"
"classes","Klassen"
"static_routes","Statische Routen"
"add_class","Klasse hinzufügen"
"enter_the_name_of_the_new_class","Geben Sie den neuen Namen der Klasse ein"
"layout","Layout"
"add_layout_component","Layoutkomponente hinzufügen"
"add_data_component","Datenkomponente hinzufügen"
"accordion","Accordion"
"fieldset","Feldgruppe"
"panel","Panel"
"tabpanel","Reiterpanel"
"pattern","Pattern"
"variables","Variablen"
"defaults","Vorgabewerte"
"input","Eingabefeld"
"checkbox","Checkbox"
"textarea","Textfeld"
"wysiwyg","WYSIWYG"
"numeric","Zahl"
"href","Verknüpfung"
"image","Bild"
"select","Auswahl"
"objects","Objekte"
"structured","Strukturiert"
"geo","Geographisch"
"base","Basis"
"default_controller","Standard-Controller"
"default_action","Standard-Action"
"error_pages","Fehlerseiten"
"no_preview_available","Es ist leider keine Vorschau verfügbar."
"add_object","Objekt hinzufügen"
"basic_configuration","Basis Konfiguration"
"allow_inherit","Vererbung erlauben"
"parent_class","Elternklasse"
"general_settings","Allgemeine Einstellungen"
"layout_settings","Anzeige-Einstellungen (Pimcore Admin)"
"region","Region"
"border","Rahmen"
"collapsible","Schließbar"
"display_layout_to_users","Zeige Layout nur folgenden Benutzern"
"date_settings","Einstellungen (Datum)"
"input_settings","Einstellungen (Input)"
"textarea_settings","Einstellungen (Textfeld)"
"wysiwyg_settings","Einstellungen (WYSIWYG)"
"numeric_settings","Einstellungen (Zahl)"
"image_settings","Einstellungen (Bild)"
"objects_settings","Einstellungen (Objekte)"
"nonownerobjects_settings","Einstellungen (Objekte ohne Zugriff)"
"href_settings","Einstellungen (Verknüpfung)"
"select_settings","Einstellungen (Auswahl)"
"checkbox_settings","Einstellungen (Checkbox)"
"allowed_classes","Berechtigte Klassen"
"display_name","Angezeigter Name"
"not_editable","Nicht editierbar"
"floating","Element fließend"
"index","Indiziert"
"mandatoryfield","Pflichtfeld"
"use_as_site","Als eigene Site benutzen"
"edit_domains","Domains bearbeiten"
"remove_site","Site entfernen"
"text","Text"
"document","Dokument"
"asset","Assets"
"bool","Bool"
"object","Objekt"
"remove","Entfernen"
"your_object_has_been_saved","Ihr Objekt wurde gespeichert"
"hidden_dependencies","Es gibt zusätzliche Abhängigkeiten, die der aktuelle User nicht sehen darf."
"loading","Wird geladen"
"open","Öffnen"
"pimcore_setup","Installer"
"pimcore_setup_not_allowed","pimcore scheint bereits installiert zu sein. Eine erneute Installation ist nicht möglich."
"pimcore_setup_not_ready","Es sind Fehler aufgetreten. Pimcore ist noch nicht bereit für das Setup"
"db_settings_found","INFO: Datenbank Einstellungen gefunden."
"db_already_setup","INFO: Die Datenbank ist erreichbar."
"could_not_create_tables","ERROR: Einspielen des DB Dumps fehlgeschlagen"
"could_not_create_dir_for_log","ERROR! Verzeichnis für Logfile konnte nicht angelegt werden."
"could_not_write_log","ERROR! Logfile nicht schreibbar. Bitte Berechtigungen anpassen"
"system_xml_not_writeable","ERROR! website/var/config/system.xml ist nicht schreibbar."
"system_xml_dir_not_writeable","ERROR! Das Verzeichnis website/var/config ist nicht schreibbar."
"system_xml_exists","Achtung! Die Datei website/var/config/system.xml existiert bereits und wird durch den Installer überschrieben."
"could_not_verify_db_encoding","ERROR! Datenbank Zeichensatz konnte nicht festestellt werden."
"wrong_db_encoding","ERROR! Die Datenbank hat nicht den utf8 Zeichensatz."
"no_db_connection","ERROR! Es konnte keine Verbindung zur Datenbank hergestellt werden."
"db_adapter_unknown","ERROR! Der DB-Adapter ist unbekannt."
"could_not_create_admin_user","ERROR! Der Admin User konnte nicht angelegt werden."
"add_user","Benutzer hinzufügen"
"could_not_write_system_xml","ERROR! Die system.xml konnte nicht erstellt werden."
"pimcore_setup_completed","pimcore Setup erfolgreich abgeschlossen!"
"submit","Absenden"
"steps_description","Wenn für die Versionierung Schritte anstatt von Tagen verwendet werden sollen, bitte das Feld 'Tage' leer lassen"
"days","Tage"
"steps","Schritte"
"adapter","Datenbankadapter"
"dbname","Datenbankname"
"database","Datenbank "
"version_days","Tage für Versionierung"
"version_steps","Schritte für Versionierung"
"problem_creating_new_class","Es trat ein Problem beim Erstellen der neuen Klasse auf, bitte beachten Sie, dass der Klassenname länger als 2 Zeichen sein muss."
"seemode","Seemode"
"edit_current_page","Diese Seite bearbeiten"
"close","Schließen"
"name_already_in_use","Name wird bereits verwendet"
"name_and_key_must_be_defined","Name und Typ müssen definiert sein"
"mandatory_field_empty","Bitte alle Pflichtfelder ausfüllen"
"plugins","Plugins"
"plugin_info","Plugin Informationen"
"available_plugins","Verfügbare Plugins"
"settings_plugins","Optionen"
"plugin_classname","Plugin Klasse"
"plugin_includepaths","Plugin Include Pfade"
"plugin_namespaces","Plugin Namensräume"
"plugin_jspaths","Plugin JavaScripts"
"plugin_csspaths","Plugin CSS Dateien"
"install","Installieren"
"uninstall","Deinstallieren"
"plugin_uninstall_warning","Möchten Sie dieses Plugin wirklich deinstallieren? ACHTUNG! Alle Daten in Zusammenhang mit diesem Plugin werden gelöscht"
"some_fields_cannot_be_saved","Einige Felder konnten nicht gespeichert werden"
"icon_path","Pfad zum Icon"
"reload","Neu laden"
"plugin_needs_reload","Dieses Plugin erfordert das Neuladen der Benutzeroberfläche. Möchten Sie das jetzt tun?"
"plugin_installing_please_wait","Plugin wird installiert, bitte warten ... "
"schedule","Zeitplan"
"time","Uhrzeit"
"version","Version"
"active","Aktiv"
"success","OK"
"successful_saved_document","Ihr Dokument wurde gespeichert."
"error_moving_document","Das Dokument konnte nicht verschoben werden."
"translations","Übersetzungen"
"translations_admin","Übersetzungen für die Administrationsoberfläche"
"debug_description","Ist der Debug-Modus aktiviert, werden Fehler und Warnungen direkt an den Browser gesendet und zusätzlich nach /website/var/log/debug.log geschrieben, ansonsten werden Fehler unterdrückt und der Error-Controller aktiviert (Fehlerseite)"
"icon","Icon"
"add_document","Dokument hinzufügen"
"please_enter_the_name_of_the_new_document","Bitte geben Sie den Namen des neuen Dokuments ein"
"successful_saved_asset","Asset wurde gespeichert"
"error_saving_asset","Asset konnte nicht gespeichert werden"
"error_saving_document","Dokument konnte nicht gespeichert werden"
"error_saving_object","Objekt konnte nicht gespeichert werden"
"please_enter_the_name_of_the_new_object","Bitte geben Sie den Namen für das neue Objekt ein"
"slider","Slider"
"name_not_valid","Name ist ungültig"
"filename_not_valid","Name ist ungültig"
"firstname","Vorname"
"lastname","Nachname"
"email","Email"
"cant_move_node_to_target","Verschieben nicht möglich"
"error_moving_object","Objekt konnte nicht verschoben werden"
"error_creating_object","Das Objekt konnte nicht erstellt werden."
"error_creating_document","Das Dokument konnte nicht erstellt werden."
"domain","Domain (z.B.: example.org)"
"translations_are_not_configured","Übersetzungen sind nicht konfiguriert"
"read_more_here","Lesen Sie hier mehr dazu"
"admin_theme","Admin-Theme"
"publish_version","Version veröffentlichen"
"no_version","keine Versionen"
"save_only_new_version","Nur neue Version speichern"
"there_is_a_newer_not_published_version","Es gibt eine neuere nichtveröffentlichte Version"
"datetime","Datum & Uhrzeit"
"google_credentials_and_api_keys","Google Zugangsdaten & API Schlüssel"
"default_value","Standardwert"
"button","Knopf"
"priority","Priorität"
"from","Von"
"to","Bis"
"start","Beginn"
"end","Ende"
"location","Ort"
"every","Jeden"
"su","So"
"mo","Mo"
"tu","Di"
"we","Mi"
"th","Do"
"fr","Fr"
"sa","Sa"
"categories","Kategorien"
"multihref","Multiverknüpfung"
"session_error_text","Es scheint, als würde es ein Problem mit Ihrer Session geben, wollten Sie trotzdem auf eigenes Risiko eingeloggt bleiben?"
"session_error","Session Fehler"
"update_successful","Update erfolgreich!"
"select_plugin_update","Bitte Plugin Update für Installation wählen"
"select_update","Update wählen"
"stable_updates","Verfügbare stabile Versionen"
"non_stable_updates","Verfügbare non-stable Updates"
"looking_for_updates","Pimcore sucht nach neueren Versionen<br />Dies kann einige Zeit in Anspruch nehmen."
"please_wait","Bitte warten ..."
"latest_version_already_installed","Die neueste Version ist bereits installiert."
"latest_pimcore_version_already_installed","Es ist bereits die neueste Version von Pimcore installiert."
"plugin_update_error","Ein Fehler ist aufgetreten, bitte überprüfen Sie die Ordnerreche oder versuchen Sie es später nocheinmal"
"update_error","Ein Fehler ist aufgetreten.<br /><br />"
"downloading_packages","Pakete werden heruntergeladen ..."
"start_update","Aktualisierung starten"
"update_in_progress","Update wird durchgeführt ..."
"plugindownload","Download Plugins"
"download_plugins","Download Plugins"
"download","Download"
"revision","Revision"
"plugin_downloaded","Plugin heruntergeladen"
"plugin_downloaded_info","Plugin wurde hinzugefügt. Bitte verfügbare Plugins aufrufen und das Plugin installieren."
"plugin_download_failed","Download fehlgeschlagen"
"plugin_download_failed_info","Der Plugin Download hat fehlgeschlagen. Bitte Berechtigungen prüfen!"
"plugin_repositories","Plugin-Server (kommagetrennt)"
"inheritable","Vererbbar"
"mendatory_field_empty","Pflichtfeld wurde nicht ausgefüllt"
"table","Tabelle"
"rows","Zeilen"
"cols","Spalten"
"data","Daten"
"table_settings","Tabellen-Einstellungen"
"multihref_settings","Multihref-Einstellungen"
"redirects","Weiterleitungen"
"source","Quelle"
"language_admin","Standardsprache Admin"
"valid_languages_frontend","Valide Sprachen im Frontend (z.B.: de,en)"
"link","Link"
"abbr","Abkürzung"
"acronym","Acronym"
"downloading_plugin","Plugin wird heruntergeladen ... "
"cache_enabled","Einschalten"
"cache_exclude_patterns","Ausschlusspattern"
"systemlog","Systemmeldungen"
"stop","Stop"
"outputfilters","Ausgabefilter"
"image_datauri_filter","Image DataURI"
"dependencies","Abhängigkeiten"
"requires","Verwendet"
"required_by","Wird verwendet von"
"search_edit","Suchen, Bearbeiten und Exportieren"
"subtype","Untertyp"
"minify_html","HTML minimieren"
"initializing","Initialisiere ..."
"backup_error","Während des Backups trat ein Fehler auf"
"plugin_dir_error","Das Plugin Verzeichnis existiert nicht oder ist nicht schreibbar."
"user_save_success","Die Benutzerprofildaten wurden erfolgreich gespeichert."
"user_save_error","Die Benutzerprofildaten konnten nicht gespeichert werden."
"system_settings_save_success","System Einstellungen erfolgreich gespeichert."
"system_settings_save_error","Die System Einstellungen konnten nicht gespeichert werden."
"maintenance_not_active","Das automatische Wartungsscript scheint nicht korrekt eingerichtet zu sein"
"mail_settings_incomplete","Die Einstellungen für E-Mail sind scheinbar unvollständig"
"cover","Cover"
"contain","Contain"
"please_select_a_type","Bitte wählen Sie einen Typ"
"min_value","min. Wert"
"max_value","max. Wert"
"increment","Erhöhungsschrittweite"
"vertical","Vertikal"
"datetime_settings","Datum & Uhrzeit Einstellungen"
"filter","Filter"
"add_filter","Filter hinzufügen"
"field","Feld"
"operator","Operator"
"apply","Anwenden"
"clear_filter","Filter löschen"
"output_cache","Ausgabe-Cache"
"lifetime","Dauer"
"country","Land"
"country_settings","Eigenschaften Land"
"show","Anzeigen"
"public","Öffentlich"
"maximum_2_versions","Sie können max. 2 Versionen vergleichen"
"error","Fehler"
"element_is_locked","Element wird gerade bearbeitet"
"element_lock_message","Das gewünschte Element wird gerade von einer anderen Person bearbeitet:"
"element_lock_question","Wollen Sie das Element dennoch öffnen?"
"since","Seit"
"longitude","Längengrad"
"latitude","Breitengrad"
"geopoint","Geografischer Punkt"
"geopoint_settings","Geografischer Punkt Einstellungen"
"google_maps_api_v3_key","Google Maps API v3 Schlüssel"
"cancel","Abbrechen"
"current_address","Aktuelle Adresse"
"open_search_editor","Sucheditor öffnen"
"parameters","Parameter"
"anchor","Anker"
"accesskey","Zugangsschlüssel"
"relation","Relation"
"tabindex","Tab-Index"
"not_set","Nicht gesetzt"
"document_restrictions","Dokument Restriktionen"
"asset_restrictions","Asset Restriktionen"
"object_restrictions","Objekt Restriktionen"
"allow_documents","erlaube Dokumente"
"allow_assets","erlaube Assets"
"allow_objects","erlaube Objekte"
"allowed_types_hint","(leer = erlaube alle)"
"allowed_document_types","Erlaubte Dokument-Typen"
"allowed_asset_types","Erlaubte Asset-Typen"
"export_csv","CSV Export"
"import_csv","CSV Import"
"show_welcome_screen","Willkommens-Screen beim Start zeigen"
"edit_user_permissions","Benutzerberechtigungen editieren"
"plugin_misconfiguration","Plugins können nicht geöffnet werden. Bitte Schreibrechte auf Plugin Ordner und Plugin Server in System Einstellungen prüfen."
"plugin_repositories_description","Einen oder mehrerere Plugin-Server, zu denen sich pimcore verbindet um Plugins zu laden und aktualisieren, angeben"
"website","Webseite"
"plugin_build","Plugin Build"
"permission_overwrite_children","Speichern & Überschreiben aller zugehörigen Kinder"
"permission_reset","Zurücksetzen"
"superselectbox_empty_text","Bitte gewünschten Wert eingeben und Enter drücken"
"valid_languages_frontend_empty_text","Bitte gültige Sprachen auswählen"
"language_download","Systemsprachen Herunterladen"
"language_downloaded","Die Sprachdatei wurde heruntergeladen."
"language_downloaded_info","Die Sprachdatei wurde erfolgreich heruntergeladen. Pimcore muss neu geladen werden, damit die Sprache verfügbar wird. Möchten Sie das jetzt tun?"
"language_download_failed","Download der Systemsprache fehlgeschlagen"
"language_download_failed_info","Die Sprachdatei konnte nicht herunter geladen werden."
"language_translation_percentage","übersetzt"
"downloading_language","Die Sprachdatei wird heruntergeladen ..."
"user_creation_error","Konnte User nicht erstellen"
"duplicate_username","Benutzername und Gruppe müssen eindeutig sein"
"importFileHasHeadRow","Erste Zeile ist Überschrift"
"log_messages_user_mail_description","E-Mail Empfänger für Nachrichten der aktivierten Log-Levels. Auswählbar sind nur Admin-Benutzer mit hinterlegter E-Mail-Adresse. Stellen Sie sicher, dass die E-Mail-Einstellungen korrekt sind."
"log_messages_user_mail_recipient","E-Mail-Empfänger für Lognachrichten"
"loglevels","Protokollstufen"
"loglevels_description","Die angehakten Log-Levels werden nach website/var/Log/debug.log geschrieben. Kritische Fehler werden immer geloggt, diese sollten nicht deaktiviert werden."
"email_settings","E-Mail-Einstellung"
"email_senderemail","E-Mail Absender"
"email_sendername","Absender Name"
"email_returnemail","E-Mail Empfänger"
"email_returnname","Empfänger Name"
"email_method","E-Mail Methode"
"email_smtp_host","SMTP Host"
"email_smtp_port","SMTP Port"
"email_smtp_name","SMTP Name"
"email_smtp_auth_method","SMTP Authentifizierungsmethode"
"no_authentication","Keine Authentifizierung"
"email_smtp_auth_username","SMTP Username"
"email_smtp_auth_password","SMTP Passwort"
"email_smtp_ssl","SMTP SLL"
"email_debug_addresses","Prüfe E-Mail-Adressen"
"email_debug_addresses_empty_text","Liste aller E-Mail-Adressen angeben, die Debug-E-Mails erhalten dürfen."
"email_debug_domains","Prüfe E-Mail-Domains"
"email_debug_domains_empty_text","Liste alle Domains auf, die Debug-E-Mails erhalten dürfen. Alle E-Mail-Adressen dieser Domains können Debug-E-Mails erhalten."
"no_ssl","Kein SSL"
"user_settings","Benutzereinstellungen"
"error_deleting_object","Objekt konnte nicht gelöscht werden"
"user_object_dependencies","Benutzer - Objekt Abhängigkeiten"
"user_object_dependencies_description","Dieser Benutzer wird von folgenden Objekten verwendet"
"overwrite_object_with_same_key","Überschreiben"
"overwrite_object_with_same_key_description","Wenn Überschreiben aktiviert ist, werden Objekte, bei denen der Schlüssel bereits existiert, nicht neu angelegt, sondern überschrieben. Objekte die, nicht in der CSV Datei enthalten sind werden nicht verändert. Achtung: Alle Objekte, deren Schlüssel in der Import-Datei enthalten ist, werden überschrieben. Das gilt auch für Objekte abweichender Klassen und sogar Objektverzeichnissen! Objektfelder, die im Mapping zum Ignorieren markiert sind, behalten ihre Werte."
"object_import_filename_description","Wähle das Feld, welches für den Objektschlüssel verwendet werden soll"
"save_pubish_close","Speichern, Veröffentlichen und Schließen"
"save_close","Speichern und Schließen"
"webservice","Web Service API (Beta-Feature)"
"webservice_enabled","Web Service API eingeschaltet"
"webservice_description","Wird der Web Service aktiviert, können Admin-Benutzer die pimcore SOAP API nutzen. (Hinweis: Web Service muss aktiviert sein, damit das WSDL zugänglich wird). Bitte ermittle im Wiki wie der Token zu generieren ist."
"user_admin_description","Admin-Benutzer erhalten nicht nur automatisch alle nachfolgend aufgelisteten Berechtigungen, sie dürfen auch alle Aktionen auf allen Dokumenten, Assets und Objekten durchführen. Weiter können Admin-Benutzer via WebDAV und SOAP API auf pimcore zugreifen (dies setzt voraus, dass WebDAV und Web Service in den Systemeinstellungen aktiviert sind) "
"user_apikey_change_warning","Bitte beachten Sie, dass das Ändern des Passwortes auch den Web-Service API-Schlüssel ändert."
"user_apikey_description","Der API-Schlüssel wird für den Benutzerzugriff auf den Web-Service benötigt"
"apikey","API-Schlüssel"
"successful_publish_document","Ihr Dokument wurde veröffentlicht"
"successful_unpublish_document","Ihr Dokument ist nun nicht mehr veröffentlicht"
"error_publish_document","Ihr Dokument konnte nicht veröffentlicht werden"
"error_unpublish_document","Ihr Dokument konnte nicht ent-öffentlicht werden"
"successful_publish_object","Ihr Objekt wurde veröffentlicht'"
"successful_unpublish_object","Ihr Objekt ist nun nicht mehr veröffentlicht"
"error_publish_object","Ihr Objekt konnte nicht veröffentlicht werden"
"error_unpublish_object","Die Veröffentlichung Ihres Objektes konnte nicht zurückgenommen werden"
"error_general","Es ist eine Ausnahme aufgetreten - der Vorgang konnte nicht durchgeführt werden"
"missing_permission","Keine Berechtigung für diese Aktion"
"lazy_loading","verzögertes Laden"
"lazy_loading_description","Verzögertes Laden bedeutet, dass die von einem Objekt abhängigen Objekte nicht automatisch geladen werden, sobald dieses erzeugt bzw. instanziiert wird. Die abhängigen Objekte werden erst geladen, wenn die entsprechende get-Methode des referenzierenden Objekts aufgerufen wird."
"lazy_loading_activated","(Verzögertes Laden wurde aktiviert)"
"non_owner_description","Die sogenannten fremde Eigentümer Relationen funktionieren eigentlich gleich wie die normalen Objektrelationen. Der Unterschied ist, dass hier das Objekte in dem es angezeigt ist nicht der Eigentümer der Relationen ist. Es ist eigentlich nur eine Ansicht von Relationen die ein anderes Objekt auf das aktuelle hat. Wenn hier Änderungen gemacht werden wird diese Relation auch im fremden Objekt gespeichert."
"owner_class","Besitzer-Klasse"
"owner_field","Besitzer-Feld"
"nonownerobject_warning","Das aktuelle Objekt ist nicht der Eigentümer der folgenden Relationen, wenn Sie hier Änderungen machen kann es sein dass das speichern etwas länger dauert."
"element_implicit_edit_question","Möchten es Sie noch immer mit dieser Aktion verändern?"
"element_is_open","Das referenzierte Element ist bereits geöffnet"
"element_open_message","Das ausgewählte Element ist bereits zum editieren geöffnet"
"nonownerobjects","Objekte (fremder Eigentümer)"
"nonownerobjects_self_selection","Bei diesem Feld ist eine Relation auf dieses Objekt nicht möglich, bitte verwenden Sie das Objekte-Feld."
"warning","Warnung"
"csv_object_export_warning","Bitte beachten Sie dass der CSV Export nicht alle Datentypen unterstützt. Deshalb kein ein erneuter Import der Daten zu Verlust einiger Daten führen. Bitte klicken Sie auf OK um fortzufahren."
"Initializing","Initialisiere"
"import_archive","Archiv Import"
"export_archive","Export (Archiv)"
"element_export_skip_root","Exportiere nur Kindelemente"
"element_export_recursive","Inkludiere Kindelemente"
"element_export_include_relations","Inkludiere referenzierte Elemente"
"exporting_elements","Exportiere Elemente"
"export_items_finished","Elemente fertiggestellt"
"element_import_settings","Import Einstellungen"
"element_import_overwrite","Überschreibe existierende Elemente"
"importing_elements","Importiere Elemente ..."
"element_import","Element Import"
"element_import_finished","Import abgeschlossen"
"element_import_finished_hint","Alle Elemente wurden erfolgreich importiert. Falls referenzierte Elemente inkludiert waren, wurde versucht diese in deren originalen Pfad wiederherzustellen. Wenn der Zielpfad nicht existiert wurden diese im Home Ordner erstellt."
"error_renaming_object","Es trat ein Fehler beim Umbenennen des Objekts auf."
"element_import_import","Importiere Elemente - umbenennen falls Pfad bereits existiert"
"navigation_settings","Einstellungen Navigation"
"navigation_enhanced","Erweiterte Einstellungen Navigation"
"navigation_target","Ziel"
"navigation_basic","Basiseinstellungen Navigation"
"further_navigation_settings","Weitere Navigationseinstellungen"
"navigation_exclude","Aus Navigation ausschließen"
"allow_variants","Varianten erlauben"
"variants","Objekt-Varianten"
"variant","Objekt-Variante"
"add_variant","Variante hinzufügen"
"please_enter_the_name_of_the_new_variant","Bitte geben Sie den Namen der Objekt-Variante ein"
"remove_variant","Objekt-Variante entfernen"
"remove_variant_text","Möchten Sie diese Variante wirklich löschen?"
"error_creating_variant","Objekt-Variante konnte nicht erstellt werden"
"prevented creating object because object with same path+key already exists","Das Objekt konnte nicht erstellt werden, weil es bereits ein Objekt oder eine Objekt-Variante mit dem selben Pfad + Key gibt."
"allowed_class_field","Erlaubte Klasse/Feld"
"swf_upload_text_add","Datei(en) hinzufügen"
"swf_upload_text_upload","Datei(en) hochladen"
"swf_upload_text_cancel","Upload Abbrechen"
"swf_upload_text_clear","Reihe löschen"
"swf_upload_text_progressbar","Fortschrittsbalken"
"swf_upload_text_remove","Datei entfernen"
"swf_upload_text_remove_sure","Datei wirklich aus der Reihe löschen?"
"swf_upload_text_error","Fehler"
"swf_upload_text_uploading","Lade Datei {0] ({1} von {2}) hoch"
"swf_upload_header_filename","Dateiname"
"swf_upload_header_size","Größe"
"swf_upload_header_status","Status"
"swf_upload_status_queued","Wartend"
"swf_upload_status_uploading","Wird hochgeladen ..."
"swf_upload_status_completed","Fertig"
"swf_upload_status_error","Fehler"
"swf_upload_status_cancelled","Abgebrochen"
"swf_upload_error_queue_exceeded","Die ausgewählte(n) Datei(en) übersteigen die maximale Anzahl von {0} erlaubten."
"swf_upload_error_queue_slots_0","Es ist kein Platz mehr frei."
"swf_upload_error_queue_slots_1","Es ist nur mehr ein Platz frei."
"swf_upload_error_queue_slots_2","Es sind nur mehr {0} Plätze frei."
"swf_upload_error_size_exceeded","Die Größe der gewählten Datei übersteigt die maximal zulässige Größe von {0}."
"swf_upload_error_zero_byte_file","Null Byte Datei selektiert"
"swf_upload_error_invalid_filetype","Ungültiger Dateityp ausgewählt."
"swf_upload_error_file_not_found","Datei nicht gefunden 404"
"swf_upload_error_security_error","Security Fehler. Es ist nicht erlaubt von einer anderen URL zu posten."
"delete_message_dependencies","Es bestehen Abhängigkeiten, trotzdem löschen?"
"delete_message","Wollen Sie dieses Element wirklich löschen?"
"objectbricks","Objektbausteine"
"add_objectbrick","Objektbaustein hinzufügen"
"delete_objectbrick","Objektbaustein löschen"
"delete_objectbrick_text","Wollen Sie den ausgewählten Objektbaustein wirklich löschen?"
"class_definitions","Klassen Definitionen"
"enter_the_name_of_the_new_objectbrick","Gib den Namen des neuen Objektbausteins ein"
"no_further_objectbricks_allowed","Keine weiteren Objektbausteine erlaubt"
"problem_creating_new_objectbrick","Es trat ein Fehler beim erstellen eines Objektbausteins auf"
"structuredTable","Strukturierte Tabelle"
"structuredTable_settings","EInstellungen Strukturierte Tabelle"
"position","Position"
"structuredtable_type_number","Zahl"
"structuredtable_type_text","Text"
"structuredtable_type_bool","Checkbox"
"structuredtable_invalid_key","Fehlerhafter Schlüssel"
"data_width","Breite der Datenspalte"
"grid_current_language","Aktuelle Sprache"
"grid_column_config","Spalten Konfiguration"
"selected_grid_columns","Wähle die Grid Spalten"
"object_columns","Objekt Spalten"
"system_columns","System Spalten"
"columns","Spalten"
"children_grid","Kinder Tabelle"
"only_children","Nur direkte Kindelemente"
"hotspotimage_add_selector","Hotspot hinzufügen"
"hotspotimage_enter_name_of_new_hotspot","Gib einen Namen für den Hotspot ein"
"hotspotimage","Bild mit Hotspots"
"hotspotimage_no_image","Bitte definieren Sie eine Bild zuerst"
"objectsMetadata_allowed_class","Erlaubte Klassen"
"objectsMetadata_visible_fields","Sichtbare Felder"
"objectsMetadata_type_number","Zahl"
"objectsMetadata_type_text","Text"
"objectsMetadata_type_bool","Bool"
"objectsMetadata_type_select","Select"
"objectsMetadata_settings","Einstellungen (Objekte mit Metadaten)"
"objectsMetadata","Objekte mit Metadaten"
"objectbrick_saved_successfully","Objekt-Brick wurde gespeichert"
"cut","Ausschneiden"
"paste_cut_element","Ausgeschnittenes Element einfügen"
"","Reports &amp; Marketing"
"","Formulare"
"","Verifizierungsdateiname"
"","Optionale Lifetime nachdem der Output-Cache automatisch geleer wird, ist diese nicht angegeben wird er geleert sobald eine Änderung im CMS vorgenommen wird"
"","Der API-Key wird für den Objekt-Typen Geografischer Punkt empfohlen, dieser ermöglicht einen erweiterten Ediermodus"
"","Track-ID (z.B. UA-XXXXX-X)"
"","CDN Einschließpattern"
"","CDN"
"","CDN Hostnamen"
"","Benutzergruppe hinzufügen"
"","Benutzer löschen"
"","Benutzergruppe löschen"
"","Bitte geben Sie Ihren Benutzernamen ein"
"","Bitte gib Sie den Namen der Benutzergruppe ein:"
"","Scribd API (für Asset vorschau)"
"","YouTube API (für Asset Vorschau)"
"","Developer Schlüssel"
"","Fehlerseite"
"","Es bestehen Abhängigkeiten, trotzdem fortfahren?"
"","Scribd ist nicht korrekt konfiguriert. Bitte die Scribd Konfiguration in den Systemeinstellungen vornehmen um die Dokument-Vorschau zu ermöglichen."
"","Youtube ist nicht korrekt konfiguriert. Bitte die Youtube Konfiguration in den Systemeinstellungen vornehmen um die Video-Vorschau zu ermöglichen."
"","Zwischenspeicher löschen"
"","Temporäre Dateien löschen"
"","Dokumenttypen"
"","Vordefinierte Eigenschaften"
"","System Einstellungen"
"","Plugins"
"","Benutzer"
"","Miniaturansichten"
"","Klassen"
"","Routen"
"","Dokumente"
"","Assets"
"","Objekte"
"","Übersetzungen"
"","Seemode"
"","Google Zugangsdaten"
"","Aktualisieren"
"",""
"","Weiterleitungen"
"","Ausschlusscookie"
"","Glossar"
"","Die Wartung wurde scheinbar nicht korrekt eingerichtet"
"","Google Maps API Schlüssel"
"","NOTFALL Nachrichten E-Mail Empfänger"
"","Alle Klassen"
"","Feldsammlung auswählen"
"","Erlaube beides"
"","Automatisch neu Laden"
"","Wenn du den Development Stage Mode verwenden möchstes muss du eine alternative Datenbank und einen alternativen Host angeben, welcher dann für das Entwicklungssystem verwendet wird."
"","Development Stage Mode ist nun fertig. Es ist nun an der Zeit in diesen zu wechseln."
"","Development Stage Mode ist EINGESCHALTEN"
"","Aktiviere Development Stage Mode"
"","Bist du dir sicher dass du den Development Stage Mode aktivieren möchstest?BEACHTE: Bitte starte erst einen cleanup bevor du hier weiter gehst. "
"","Development Stage Mode"
"","Möchstest du den aktuellen Stand des Entwicklungssystems auf das Live-System übertragen?"
"","Die Synchronisation ist abgeschlossen. Nun ist es an der Zeit in das LIve-System zu wechseln. "
"","System Infos"
